woning_id,postcode,huisnummer,gemeente,bouwjaar,oppervlakte,woningtype,energielabel,installatiedatum,jaarverbruik_gas__m3
W01,1092SS,55,Zwolle,1988,82,appartement,,2022,934.0
W02,1079SA,66,Zwolle,1997,70,appartement,A++++,2018,1112.0
W03,1078SA,29,Zwolle,1973,97,appartement,A++,2019,1465.0
W04,1098SA,179,Zwolle,2024,168,hoekwoning,A++++,2019,1374.0
W05,1076SA,27,Zwolle,1975,57,appartement,B,2019,1227.0
W06,1089SS,27,Zwolle,1977,102,tussenwoning,,2022,1401.0
W07,1083SS,24,Zwolle,1973,88,hoekwoning,D,2023,352.0
W08,1099SD,149,Zwolle,1952,86,tussenwoning,C,2021,1506.0
W09,1081SA,103,Zwolle,1966,139,twee_onder_een_kap,C,2018,912.0
W10,1096SA,128,Zwolle,1927,140,tussenwoning,E,2018,699.0
W11,1075SA,3,Zwolle,1985,156,tussenwoning,A,2019,1283.0
W12,1080SD,3,Zwolle,1991,61,appartement,B,2020,1410.0
W13,1091SD,106,Zwolle,1987,156,vrijstaand,A+,2021,1067.0
W14,1091SD,92,Zwolle,1974,108,tussenwoning,A++,2020,877.0
W15,1095SA,188,Zwolle,1999,142,tussenwoning,A,2019,1208.0
W16,1086SA,137,Zwolle,1979,108,appartement,C,2018,1184.0
W17,1088SS,65,Zwolle,1957,188,hoekwoning,E,2022,1622.0
W18,1091SS,87,Zwolle,1985,125,tussenwoning,A++++,2022,1424.0
W19,1079SA,175,Zwolle,1996,100,appartement,A++,2018,1258.0
W20,1084SA,179,Zwolle,1993,115,appartement,,2018,1533.0
W21,1088SD,126,Zwolle,1982,76,appartement,,2020,1138.0
W22,1084SD,149,Zwolle,2002,78,twee_onder_een_kap,,2020,922.0
W23,1085SS,162,Zwolle,1968,67,twee_onder_een_kap,C,2023,1375.0
W24,1080SD,41,Zwolle,1938,77,appartement,G,2021,1375.0
W25,1090SD,94,Zwolle,1966,114,tussenwoning,A+,2020,1136.0
W26,1095SD,183,Zwolle,1968,91,tussenwoning,B,2020,965.0
W27,1087SD,141,Zwolle,1946,100,appartement,C,2021,1269.0
W28,1089SD,171,Zwolle,1989,110,appartement,C,2021,452.0
W29,1076SA,79,Zwolle,1953,109,vrijstaand,C,2019,1407.0
W30,1084SS,5,Zwolle,1989,84,tussenwoning,A++,2022,1347.0
W31,1088SS,189,Zwolle,1993,86,tussenwoning,,2022,708.0
W32,1088SS,148,Zwolle,1992,117,vrijstaand,A,2023,1218.0
W33,1083SS,161,Zwolle,1994,72,appartement,A,2022,911.0
W34,1084SA,166,Zwolle,1897,177,hoekwoning,G,2019,1427.0
W35,1086SA,14,Zwolle,1970,62,appartement,,2019,590.0
W36,1087SD,34,Zwolle,1965,132,vrijstaand,,2021,926.0
W37,1079SD,110,Zwolle,1954,64,appartement,D,2021,1413.0
W38,1085SS,51,Zwolle,1990,74,appartement,A++,2022,1547.0
W39,1082SS,161,Zwolle,1939,131,tussenwoning,G,2023,553.0
W40,1092SA,110,Zwolle,1939,57,appartement,E,2019,1051.0
W41,1088SS,162,Zwolle,1991,74,appartement,B,2023,1298.0
W42,1086SA,40,Zwolle,1936,169,twee_onder_een_kap,F,2018,1017.0
W43,1091SA,104,Zwolle,2018,76,appartement,,2018,1677.0
W44,1095SS,58,Zwolle,2017,142,hoekwoning,A,2023,843.0
W45,1093SS,82,Zwolle,1997,55,appartement,B,2023,1306.0
W46,1092SA,140,Zwolle,1974,138,twee_onder_een_kap,F,2019,885.0
W47,1093SA,18,Zwolle,1973,109,tussenwoning,C,2018,1622.0
W48,1099SA,81,Zwolle,1965,119,hoekwoning,,2019,1194.0
W49,1089SA,72,Zwolle,1960,111,appartement,C,2018,1088.0
W50,1096SS,53,Zwolle,1927,165,vrijstaand,F,2023,685.0
W51,1089SD,143,Zwolle,1942,93,appartement,F,2021,1705.0
W52,1096SD,162,Zwolle,1986,106,tussenwoning,A,2021,1426.0
W53,1092SA,164,Zwolle,2019,104,tussenwoning,A+++,2019,1426.0
W54,1098SD,67,Zwolle,2004,104,tussenwoning,A+,2020,1541.0
W55,1090SA,124,Zwolle,1939,125,twee_onder_een_kap,E,2019,1305.0
W56,1086SS,17,Zwolle,1950,112,twee_onder_een_kap,C,2022,1008.0
W57,1079SD,172,Zwolle,1966,113,twee_onder_een_kap,E,2020,960.0
W58,1075SA,84,Zwolle,1895,116,tussenwoning,F,2018,960.0
W59,1094SA,137,Zwolle,1984,96,appartement,C,2019,1611.0
W60,1084SS,2,Zwolle,1890,164,hoekwoning,,2022,762.0
